title,videoId,viewCount,likeCount,dislikeCount,commentCount,favoriteCount
CATS will make you LAUGH YOUR HEAD OFF - Funny CAT compilation,hY7m5jjJ9mM,53553564,226007,43569,28650,0
Cats are so funny you will die laughing - Funny cat compilation,5dsGWM5XGdg,64853029,222471,26479,16742,0
You will LAUGH SO HARD that YOU WILL FAINT - FUNNY CAT compilation,WEkSYw3o5is,10481450,42883,9880,4988,0
NINJA CATS! There's absolutely NOTHING MORE FUNNY!  - Impossible TRY NOT TO LAUGH compilation,opYts0nFOvs,339919,3041,236,185,0
"Cute and Funny Cat Videos Compilation ""cute moment of the cats"" Soo Cute! #1",p1V4IGFMunk,474931,2034,375,245,0
Hilarious Cat Fails (April 2017),1Wh8RzcQZr4,9540821,110185,4576,6086,0
CATS Vs CUCUMBER - PICKLE CATS - FUNNY Cats Compilation,mYoEp5ytEaU,3173458,17774,1810,1316,0
Cats Being Jerks Video Compilation (April 2015) || FailArmy,O1KW3ZkLtuo,32889584,253509,11358,30134,0
FEARLESS CATS  23 Badass Cats Who Will Amaze You [Funny Pets],9B1DKszsMRk,13671686,65765,5438,8391,0
Surprise Ryan with Two Cats for Christmas!,BzUf5o7DlXY,9091821,17078,4641,0,0
Try Not To Laugh Challenge - Funny Cat & Dog Vines compilation 2017,EtH9Yllzjcc,8415789,30441,4120,1262,0
HOW TO UNDERSTAND YOUR CAT BETTER,Xz6yBbBRr8Y,5864336,166225,4819,25012,0
TOP HIGHLIGHTS of CATS that will MAKE YOU LAUGH - Super FUNNY ANIMAL compilation,ZEBym6ssSwc,1462757,7406,928,505,0
Cats Hate Water! - Funny Cats in Water Compilation 2016,R81pgRSQ2XQ,40622650,121791,32386,21038,0
Funny Cats Vine Compilation September 2015,HxM46vRJMZs,34894169,158155,13535,17225,0
CATS you will remember and LAUGH all day! - World's funniest cat videos,geqVuYmo8Y0,4914352,18962,2135,1742,0
AMEOW-ZING 50 Box Cat Maze!,EXS_sMYdqco,4141915,49259,2056,4107,0
Funny Cats Compilation (Most Popular) Part 1,3EIbWjkimAs,22363527,75130,6979,5740,0
Top 10 Funny Cat Videos - Funny Cats 2017,dGFSjKuJfrI,20300945,51192,9822,2157,0
How I Trained My Cats,5530I_pYjbo,5576308,286853,1978,14633,0
Cats VS Balloons  Funny Cats Playing With Balloons [Funny Pets],P2RkTCHTLbY,8648196,41604,4992,1876,0
Crazy funny CATS that will make you FAIL THIS LAUGH CHALLENGE,p5Vsg1CrhrI,2775765,11532,1771,898,0
FEARLESS CATS  29 Cats Who Are Totally Badass [Epic Laughs],OqQPv78AMw0,32207678,71728,13617,6035,0
Epic Funny Cats / Cute Cats Compilation  -  60 minutes!! [HD][HQ],ZBAGEeOms-8,15700046,67477,6102,8874,0